site_id,timestamp,generation_mw,forecast_generation_mw,forecast_lower_mw,forecast_upper_mw,demand_mw,battery_soc_pct,surplus_mw,shortfall_mw,risk_level
SITE_001,2025-06-15 00:00:00,0.0,0.0,0.0,1.0,15.281792899484106,0.0,0.0,15.281792899484106,HIGH
SITE_001,2025-06-15 01:00:00,0.15405057945143258,0.16119096652045478,0.0,1.1796770360546267,17.16161300090726,0.0,0.0,17.007562421455827,HIGH
SITE_001,2025-06-15 02:00:00,0.4568697088112935,0.4583684151576768,0.0,1.513192780215032,13.857282184868444,0.0,0.0,13.40041247605715,HIGH
SITE_001,2025-06-15 03:00:00,0.0,0.0,0.0,1.0,17.5885244840803,0.0,0.0,17.5885244840803,HIGH
SITE_001,2025-06-15 04:00:00,0.0,0.0,0.0,1.0,15.134516659182868,0.0,0.0,15.134516659182868,HIGH
SITE_001,2025-06-15 05:00:00,0.0,0.0,0.0,1.0,19.16413174899067,0.0,0.0,19.16413174899067,HIGH
SITE_001,2025-06-15 06:00:00,0.18110234785136614,0.16554927832143573,0.0,1.1872815600635998,20.901423776177317,0.0,0.0,20.720321428325953,HIGH
SITE_001,2025-06-15 07:00:00,3.0427654836325506,2.9984874914489557,1.6333556334130495,4.363619349484862,23.328817640137913,0.0,0.0,20.286052156505363,HIGH
SITE_001,2025-06-15 08:00:00,8.50938057013767,8.433213914445975,6.412088246029455,10.454339582862495,28.72297196081225,0.0,0.0,20.21359139067458,HIGH
SITE_001,2025-06-15 09:00:00,22.691177846918468,21.898148757313166,18.175207415682948,25.621090098943384,32.36898976596188,0.0,0.0,9.67781191904341,HIGH
SITE_001,2025-06-15 10:00:00,31.351493097309156,32.37685988819771,27.61468071652061,37.139039059874804,31.577520779754774,0.0,0.0,0.22602768244561844,HIGH
SITE_001,2025-06-15 11:00:00,31.59715109956616,27.40598250145495,22.61432436950701,32.19764063340289,27.34470505448052,10.63,4.252446045085641,0.0,LOW
SITE_001,2025-06-15 12:00:00,29.67871720785576,28.407931321283574,23.846485256340884,32.96937738622626,25.689129388171875,20.61,3.989587819683887,0.0,LOW
SITE_001,2025-06-15 13:00:00,40.78559087108422,38.02467404861277,32.13040314408267,43.918944953142876,26.102473349684367,57.31,14.68311752139985,0.0,LOW
SITE_001,2025-06-15 14:00:00,24.01074716725058,21.431484997305336,17.550195337235266,25.312774657375407,26.043413704140345,52.23,0.0,2.0326665368897636,MEDIUM
SITE_001,2025-06-15 15:00:00,24.699258320428196,24.321088116411303,20.35717711795992,28.284999114862686,26.403508097051144,47.97,0.0,1.704249776622948,MEDIUM
SITE_001,2025-06-15 16:00:00,9.25197464682832,9.634903271336116,7.524666313716718,11.745140228955513,32.24405296198415,0.0,0.0,22.992078315155833,HIGH
SITE_001,2025-06-15 17:00:00,3.1083884156545554,3.4277425106858175,2.054735900807271,4.8007491205643635,37.26395828440682,0.0,0.0,34.155569868752266,HIGH
SITE_001,2025-06-15 18:00:00,0.0,0.0,0.0,1.0,41.75366196260551,0.0,0.0,41.75366196260551,HIGH
SITE_001,2025-06-15 19:00:00,0.4196183469066709,0.42971465236583767,0.0,1.4800688539946383,44.648800263620224,0.0,0.0,44.22918191671355,HIGH
SITE_001,2025-06-15 20:00:00,0.343873857182199,0.3568025409319982,0.0,1.398067403793862,39.38088715007816,0.0,0.0,39.03701329289596,HIGH
SITE_001,2025-06-15 21:00:00,0.07083249412399154,0.07070471457218348,0.0,1.0792046138670626,32.11416570357775,0.0,0.0,32.043333209453756,HIGH
SITE_001,2025-06-15 22:00:00,1.3345864442025852,1.2166474918722892,0.05649711856797901,2.3767978651765995,22.484551587881974,0.0,0.0,21.14996514367939,HIGH
SITE_001,2025-06-15 23:00:00,0.14561969677124742,0.1420296026948123,0.0,1.159503966307362,18.656552008874677,0.0,0.0,18.510932312103428,HIGH
SITE_001,2025-06-16 00:00:00,0.16529678034447418,0.14043529475411404,0.0,1.160270908395451,16.730888524655192,0.0,0.0,16.56559174431072,HIGH
SITE_001,2025-06-16 01:00:00,0.5877614617772752,0.5223943123249475,0.0,1.5929256877382205,16.18007985942379,0.0,0.0,15.592318397646514,HIGH
SITE_001,2025-06-16 02:00:00,0.0,0.0,0.0,1.0,15.322552987605414,0.0,0.0,15.322552987605414,HIGH
SITE_001,2025-06-16 03:00:00,0.0,0.0,0.0,1.0,15.994050429034566,0.0,0.0,15.994050429034566,HIGH
SITE_001,2025-06-16 04:00:00,0.7884391577056664,0.7365990808722945,0.0,1.8312117797969745,17.462683796177096,0.0,0.0,16.67424463847143,HIGH
SITE_001,2025-06-16 05:00:00,0.0,0.0,0.0,1.0,18.631087141191806,0.0,0.0,18.631087141191806,HIGH
SITE_001,2025-06-16 06:00:00,0.21667135767404516,0.2102822179725326,0.0,1.236282780893418,21.42218247512793,0.0,0.0,21.205511117453884,HIGH
SITE_001,2025-06-16 07:00:00,3.043808930419283,2.6595438821813313,1.2942868105310175,4.024800953831646,23.821706638143045,0.0,0.0,20.777897707723763,HIGH
SITE_001,2025-06-16 08:00:00,11.371424103180749,11.549446234365272,9.184875341983583,13.91401712674696,27.458019719249627,0.0,0.0,16.086595616068877,HIGH
SITE_001,2025-06-16 09:00:00,20.359001214176914,20.347037373004444,16.903957227303213,23.790117518705674,31.001113489491214,0.0,0.0,10.6421122753143,HIGH
SITE_001,2025-06-16 10:00:00,32.15346641479486,33.86222957497074,29.003813605195358,38.72064554474613,30.040372323682334,5.28,2.1130940911125293,0.0,LOW
SITE_001,2025-06-16 11:00:00,22.223172028747744,23.244873439803172,19.57809279635344,26.911654083252902,29.96289445471385,0.0,0.0,7.739722425966107,HIGH
SITE_001,2025-06-16 12:00:00,33.83927035266051,28.740303236627096,23.679590794307835,33.80101567894636,27.420631036982794,16.05,6.418639315677719,0.0,LOW
SITE_001,2025-06-16 13:00:00,30.27228054614253,31.096619075282543,26.463945409745442,35.729292740819645,29.374013273439715,18.29,0.8982672727028138,0.0,LOW
SITE_001,2025-06-16 14:00:00,29.322763311953125,27.313745872350545,22.79501427491617,31.83247746978492,27.061693417372478,23.94,2.261069894580647,0.0,LOW
SITE_001,2025-06-16 15:00:00,18.426140577701094,18.762535067481863,15.551398198157731,21.973671936805996,28.42416268771464,0.0,0.0,9.998022110013547,HIGH
SITE_001,2025-06-16 16:00:00,11.867980916353526,11.928555872065926,9.504398162103504,14.352713582028349,30.388958478778495,0.0,0.0,18.520977562424967,HIGH
SITE_001,2025-06-16 17:00:00,3.5216648819921916,3.510066721694681,2.087466935855618,4.932666507533744,33.95369733783176,0.0,0.0,30.432032455839572,HIGH
SITE_001,2025-06-16 18:00:00,1.2299594615654383,1.1587665431480616,0.011171407760208973,2.3063616785359145,41.09596397211172,0.0,0.0,39.86600451054628,HIGH
SITE_001,2025-06-16 19:00:00,0.0,0.0,0.0,1.0,43.69796540244137,0.0,0.0,43.69796540244137,HIGH
SITE_001,2025-06-16 20:00:00,0.0,0.0,0.0,1.0,39.0757120765938,0.0,0.0,39.0757120765938,HIGH
SITE_001,2025-06-16 21:00:00,0.5704278427699115,0.5612607052666058,0.0,1.6297120463989951,31.879404876441612,0.0,0.0,31.3089770336717,HIGH
SITE_001,2025-06-16 22:00:00,0.0,0.0,0.0,1.0,24.776651851783722,0.0,0.0,24.776651851783722,HIGH
SITE_001,2025-06-16 23:00:00,0.6167707043361609,0.6500101108913073,0.0,1.7240225954116466,19.91805575380352,0.0,0.0,19.30128504946736,HIGH
SITE_001,2025-06-17 00:00:00,0.3588783556131445,0.3426598815435528,0.0,1.3857252842171301,17.350212864231583,0.0,0.0,16.99133450861844,HIGH
SITE_001,2025-06-17 01:00:00,0.0,0.0,0.0,1.0,14.6689393919583,0.0,0.0,14.6689393919583,HIGH
SITE_001,2025-06-17 02:00:00,0.0,0.0,0.0,1.0,13.871963823880685,0.0,0.0,13.871963823880685,HIGH
SITE_001,2025-06-17 03:00:00,0.0,0.0,0.0,1.0,14.263950335132089,0.0,0.0,14.263950335132089,HIGH
SITE_001,2025-06-17 04:00:00,0.0,0.0,0.0,1.0,18.459330734334163,0.0,0.0,18.459330734334163,HIGH
SITE_001,2025-06-17 05:00:00,0.033017049559260214,0.03304636997752984,0.0,1.037008415924641,17.15404880242505,0.0,0.0,17.12103175286579,HIGH
SITE_001,2025-06-17 06:00:00,0.0,0.0,0.0,1.0,18.925571815496845,0.0,0.0,18.925571815496845,HIGH
SITE_001,2025-06-17 07:00:00,2.513004273178653,2.458138072295267,1.1565775595138286,3.7596985850767055,25.84210294136813,0.0,0.0,23.329098668189477,HIGH
SITE_001,2025-06-17 08:00:00,10.599298543056026,10.518786851671184,8.246871026504461,12.790702676837906,28.797848945432225,0.0,0.0,18.1985504023762,HIGH
SITE_001,2025-06-17 09:00:00,22.432922366813752,24.276496048325924,20.584545364308273,27.968446732343576,29.556564175705947,0.0,0.0,7.123641808892195,HIGH
SITE_001,2025-06-17 10:00:00,27.01382284844998,29.128895226141974,24.88723648432798,33.37055396795597,31.883477845568276,0.0,0.0,4.869654997118296,HIGH
SITE_001,2025-06-17 11:00:00,30.370788972005574,28.91016438800136,24.26566971136069,33.554659064642024,27.739691497477157,6.58,2.631097474528417,0.0,LOW
SITE_001,2025-06-17 12:00:00,38.46817951966422,41.218440447517054,35.60225890515735,46.83462198987676,27.897228542149865,33.01,10.570950977514354,0.0,LOW
SITE_001,2025-06-17 13:00:00,28.253275972288176,26.852122712189683,22.461729595515102,31.242515828864263,25.83509990872948,39.05,2.418176063558697,0.0,LOW
SITE_001,2025-06-17 14:00:00,22.53695576256853,22.17721748531365,18.47278279380543,25.881652176821873,25.296952882358216,32.15,0.0,2.759997119789684,MEDIUM
SITE_001,2025-06-17 15:00:00,22.12642246923994,23.95813211239334,20.302961416084546,27.613302808702134,25.201438754037436,24.46,0.0,3.0750162847974956,MEDIUM
SITE_001,2025-06-17 16:00:00,8.203241942545954,8.647100372134016,6.662711339028501,10.631489405239531,30.962343041397066,0.0,0.0,22.75910109885111,HIGH
SITE_001,2025-06-17 17:00:00,1.4950895830666275,1.3748208135688378,0.19541006360084245,2.554231563536833,34.76669703298901,0.0,0.0,33.27160744992238,HIGH
SITE_001,2025-06-17 18:00:00,0.6248785278156815,0.6456053927531776,0.0,1.7205908160910595,41.08257295325552,0.0,0.0,40.45769442543984,HIGH
SITE_001,2025-06-17 19:00:00,0.8290037535075874,0.8282779934508819,0.0,1.9277584438717925,41.27482494545818,0.0,0.0,40.44582119195059,HIGH
SITE_001,2025-06-17 20:00:00,0.864775061634711,0.9276956112802323,0.0,2.0314686186763975,36.9172497531337,0.0,0.0,36.05247469149899,HIGH
SITE_001,2025-06-17 21:00:00,0.6812096698372413,0.7145950037701302,0.0,1.7963401641505992,32.19945980955292,0.0,0.0,31.51825013971568,HIGH
SITE_001,2025-06-17 22:00:00,0.0,0.0,0.0,1.0,23.357901141711977,0.0,0.0,23.357901141711977,HIGH
SITE_001,2025-06-17 23:00:00,0.0,0.0,0.0,1.0,20.974518211269917,0.0,0.0,20.974518211269917,HIGH
